날짜,회사,그룹,제목,요약,매체,링크,회차
2026-07-21 20:51,하나은행,hana,하나은행 앱 계좌조회·송금 2시간 오류…현재 정상화,,SBS Biz,https://n.news.naver.com/mnews/article/374/0000522880?sid=101,44
2026-07-21 20:46,Morgan Stanley,overseas,"Morgan Stanley Downgrades Adobe, Workday as AI Transition Raises Growth C...",,,https://www.econotimes.com/Morgan-Stanley-Downgrades-Adobe-Workday-as-AI-Transition-Raises-Growth-Concerns-1747302,45
2026-07-21 19:24,하나금융,hana,"화폐의 코페르니쿠스적 전환… 하나금융, '1조 원의 결단'으로 디지털 ...","하나금융, 1조 원의 결단으로 디지털 자산 생태계 조성 추진 중 / 원화 스테이블코인, 실물자산 토큰화, 토큰증권, 블록체인 해외송금, 디지털자산 수탁 등 전방위적 생태계 조성 / 금융권의 집중 조명 받고 있는 하나금융의 전략적 결단은 발행부터 유통·결제·환류로 이어지는 완결형 디지털자산 생태계를 선점",,http://www.lkp.news/news/articleView.html?idxno=82124,44
2026-07-21 18:40,하나은행,hana,"하나은행, '진심담은 금융' 경쟁력 입증...'서비스 품질' 11년 연속 1위",,,https://www.dongponews.net/news/articleView.html?idxno=59408,44
2026-07-21 17:39,하나금융,hana,하나금융 “두나무와 원화코인 지배적 사업자 될 것”,,서울경제,https://n.news.naver.com/mnews/article/011/0004643645?sid=101,44
2026-07-21 17:18,농협은행,nh,“잠 자고 있는 내 돈 한번에 조회”…농협은행 ‘숨은 자산 찾기’ 서...,,농민신문,https://n.news.naver.com/mnews/article/662/0000100094?sid=101,44
2026-07-21 17:14,KB증권,kb,"KB증권, 정보보호 투자 비율 3년째 제자리 걸음","KB증권, 정보보호 투자 비율 3년째 제자리 걸음 / KB증권, 정보보호 투자 비율 3년째 제자리 걸음 / KB증권, 정보보호 투자 비율 3년째 제자리 걸음 / KB증권, 정보보호 투자 비율 3년째 제자리 걸음",,https://www.nspna.com/news/?mode=view&newsid=821359,44
2026-07-21 17:04,하나은행,hana,"[오토 뉴스브리핑] 현대차그룹, 글로벌 V2X 통합 서비스 론칭...하나은행...","현대차그룹, V2X 통합 서비스 'AllDayEnergy' 론칭 / V2X는 전기차 배터리와 전력망을 양방향으로 연결해 충전비 절감과 추가 수익 확보 / 전기차를 '바퀴 달린 배터리', '움직이는 에너지저장장치(ESS)'로 활용 / 현대차그룹, 국내에서 'V2G' 서비스 시범 운영 중, 미국에서 'V2H' 서비스 제공 중",,https://www.asiatime.co.kr/article/20260721500388,44
2026-07-21 16:56,신한은행,shinhan,"신한은행, 금융AX ""도입보다 검증하는 과정이 중요""",,,https://www.thelec.kr/news/articleView.html?idxno=59829,44
2026-07-21 16:54,케이뱅크,internet,케이뱅크·홍콩 해시키그룹 '맞손'…한국-홍콩 스테이블코인 송금 실증...,,데일리안,https://n.news.naver.com/mnews/article/119/0003113443?sid=101,45
2026-07-21 16:50,신한투자증권,shinhan,"신한투자증권, 간편형 유언대용신탁 ‘프리미어 SOL메이트 행복이음신탁...",,,https://www.socialvalue.kr/news/view/1065599236586698,44
2026-07-21 16:42,토스,internet,"[기획/미토스 이후, 취약점 대응②] 서비스 멈추지 않고 빠르게 패치하...",,,https://byline.network/?p=9004111222612200,44
2026-07-21 16:40,토스증권,internet,"토스증권, 2026 방송광고페스티벌 AI·TECH 부문 최우수상",,,https://m.entertain.naver.com/article/421/0009071143,44
2026-07-21 16:39,부산은행,regional,"뉴아이, BNK부산은행 앱에 '택스아이' 탑재…금융권 AI 세금 서비스 확대",,머니투데이,https://n.news.naver.com/mnews/article/008/0005388784?sid=101,44
2026-07-21 16:34,신한은행,shinhan,"신한은행, 'Shinhan AX Agent Summit 2026'",,,http://www.metroseoul.co.kr/article/20260721500445,44
2026-07-21 16:32,하나은행,hana,"하나은행, KSQI 고객접점 부문 1위…대면·비대면 금융서비스 품질 인정",,,https://www.factin.co.kr/news/articleView.html?idxno=6706,45
2026-07-21 16:30,금융당국,pubpolicy,스테이블코인 늦어지자 예금토큰 먼저...SWIFT 만난 은행권,,머니투데이,https://n.news.naver.com/mnews/article/008/0005388772?sid=101,45
2026-07-21 16:26,JP모건,overseas,"""美 국세청 수장, JP모건 재직 때 동료 '사찰' 의혹""","프랭크 비시냐노 미국 국세청 CEO, 동료 직원 사찰 의혹 / JP모건체이스 재직 시절 내부 기록 부적절 열람, 권한 확대에 사용 / 디지털 포렌식 조사에서 부하 직원들의 민감 기록 접근 흔적 발견, 영향력 확대에 활용 / 직원 통제와 업무 감시용 소프트웨어 사용 지시, 키보드 입력 내용 추적 시도",SBS Biz,https://n.news.naver.com/mnews/article/374/0000522836?sid=104,45
2026-07-21 16:24,우리금융,woori,"AI 악용한 신종 보이스피싱…우리금융, 경찰청 전문가 초청 세미나","우리금융, AI 악용 보이스피싱 대응 강화 / 경찰청 전문가 초청 세미나 개최, 금융사기 예방 역량 강화 / 보이스피싱 피해자 대출 우대금리 신설, 취약계층 지원책 추진 중 / 금융소비자 보호 정책 강화, 포용금융 실천 강화 중",뉴스1,https://n.news.naver.com/mnews/article/421/0009071092?sid=101,45
2026-07-21 16:23,Kbank,internet,Kbank partners with HashKey on stablecoin remittances,,코리아헤럴드,https://n.news.naver.com/mnews/article/044/0000287163?sid=104,44
2026-07-21 16:20,BC카드,nonholding,"[보험·카드24시] BC카드, 온라인 쇼핑 최대 4% 적립 '페이북카드' 출시...",,,https://news.dealsitetv.com/articles/173551,44
2026-07-21 16:17,금융당국,pubpolicy,"李대통령이 꽂힌 ‘모두의AI’…과기부 속도전, ‘준비 부족’ 비판도(...","과기정통부, 모두의AI 서비스 출시 추진 중 / 무료 국산 AI를 통해 이용자와 데이터 확보 및 공공 AI 에이전트 활용 계획 / 9월 베타서비스 및 연말 출시 목표, 내년 운영비 미정 상태에서 사업 추진 중",디지털데일리,https://n.news.naver.com/mnews/article/138/0002234851?sid=105,45
2026-07-21 16:16,하나은행,hana,'고객 중심 DNA 회복하자' 하나은행장 이호성 취임 일성 통했다 : 서비스...,,,https://www.huffingtonpost.kr/article/258887,44
2026-07-21 16:03,금융당국,pubpolicy,"금융보안원, AI 시대 사이버 위협 대응 전략 특강 개최",,아시아경제,https://n.news.naver.com/mnews/article/277/0005792605?sid=101,45
2026-07-21 15:53,금융당국,pubpolicy,[비즈차이나] 中 딥시크 이은 ‘키미 쇼크’… 문샷AI는 어떻게 부활했...,,조선비즈,https://n.news.naver.com/mnews/article/366/0001180690?sid=104,45
2026-07-21 15:47,카카오뱅크,internet,"“K-금융 알렸다” 카카오뱅크, 아랍에미리트에 디지털뱅킹 혁신 소개",,이코노미스트,https://n.news.naver.com/mnews/article/243/0000100690?sid=101,44
2026-07-21 15:36,모건스탠리,overseas,"모건스탠리 ""AI發 공급부족, 27~28년 더 심화""",,,https://monthly.chosun.com/news/articleView.html?idxno=70806,44
2026-07-21 15:24,우리금융,woori,"진화하는 보이스피싱 잡는다... 우리금융, 경찰과 대응 세미나 개최",,,https://www.newspim.com/news/view/20260721000863,44
2026-07-21 15:20,금융당국,pubpolicy,"KB손보, 공공 마이데이터 가족관계증명서 제출서비스…""업계최초""","KB손보, 가족관계증명서 제출 서비스 도입 / 공공 마이데이터 활용해 가족관계 확인 간소화 / 보험금 청구부터 특약 가입까지 서류 제출 번거로움 해소 / 고객 편의성 향상과 업무 처리 효율성 향상을 도모 중",아시아경제,https://n.news.naver.com/mnews/article/277/0005792556?sid=101,45
2026-07-21 15:18,신한카드,shinhan,"신한카드, 삼성카드에 0.2%p까지 쫓겼다… 반격 카드는 '토스원'",,,https://www.pressman.kr/news/articleView.html?idxno=102823,44
2026-07-21 15:17,KB국민은행,kb,"KB국민은행, '숨은 금융자산 찾아주기' 캠페인 실시",,,https://www.newspim.com/news/view/20260721000859,44
2026-07-21 15:02,금융당국,pubpolicy,"전국민이 쓰는 '모두의AI', 기본기능은 무료, 고도화는 유료 허용…광고...","과학기술정보통신부, 모두의AI 서비스 기본기능 무료 제공 / 모두의AI 서비스에 활용되는 모델 요건은 독자 AI 모델 50%와 타사 모델 30% 활용 / 모델 활용 비율 계산은 출력 토큰 비율을 기반으로 계산하는 방안 검토 중 / 모두의AI 서비스 개발에 필요한 모델은 국산 AI 모델을 기반으로 해야 함",디지털데일리,https://n.news.naver.com/mnews/article/138/0002234828?sid=105,45
2026-07-21 15:01,금융당국,pubpolicy,"'토큰증권 플랫폼' 내년 2월4일 열린다…예탁원, 시스템 구축 속도",,동행미디어 시대,https://n.news.naver.com/mnews/article/417/0001152372?sid=101,45
2026-07-21 14:56,카카오뱅크,internet,"카카오뱅크, UAE와 디지털뱅킹 혁신 교류... 해외 진출 신호탄?","카카오뱅크, UAE와 디지털뱅킹 혁신 교류 / 디지털뱅킹 혁신 사례와 고객 중심 서비스 설계 방식 소개 / 비대면 금융 서비스와 고객 중심 설계 방식 운영 중 / 디지털은행 운영 구조와 서비스 개발 방식 설명 중",,https://www.tokenpost.kr/news/blockchain/379791,45
2026-07-21 14:46,하나금융,hana,함영주 하나금융 '가상자산 전략' 성패 10월 판가름 : 업비트 계좌 연결...,"하나금융그룹, 두나무와 장기 협업 추진 중 / 통합금융 서비스 제공을 목표로 한 자산 통합 관리 / 외환 경쟁력 활용한 해외 송금·결제 영역도 협력 대상 / 원화 스테이블코인, 토큰증권, 실물자산 토큰화 사업도 협력 예정",,https://www.huffingtonpost.kr/article/258878,44
2026-07-21 14:44,금융당국,pubpolicy,"소액주주 플랫폼 액트, 삼성전자 40조 성과급 정면충돌",,,https://www.junggi.co.kr/news/articleView.html?idxno=37187,45
2026-07-21 14:36,토스증권,internet,"동학개미까지 홀린 ‘AI 어닝콜’…토스증권, 투자정보 비대칭 허문다",,,https://www.news2day.co.kr/article/20260721500162,44
2026-07-21 14:30,카카오뱅크,internet,"카카오뱅크 노조, 31일 첫 전면 파업…비대면 금융 서비스 괜찮나",,디지털데일리,https://n.news.naver.com/mnews/article/138/0002234820?sid=101,44
2026-07-21 14:20,금융당국,pubpolicy,"[일문일답] 모두의 AI 사업설명회…""공공 AI 에이전트 구현 정부가 협의...",,,https://www.ajunews.com/view/20260721140221429,45
2026-07-21 14:10,iM금융그룹,regional,"iM금융그룹, 전사적 AX 추진…성장 동력 확보 포석",,전자신문,https://n.news.naver.com/mnews/article/030/0003449480?sid=101,44
2026-07-21 14:06,금융당국,pubpolicy,"AI가 바꾼 아파트 일상…건설·프롭테크, 주거 플랫폼 경쟁",,,https://www.asiatime.co.kr/article/20260721500167,45
2026-07-21 14:02,NH투자증권,nh,"한국 주식, 해외서 더 쉽게 산다··· NH투자증권, 외국인 투자 '새 길'...",,,https://www.greenpostkorea.co.kr/news/articleView.html?idxno=307133,44
2026-07-21 14:02,IBK투자증권,policy,"[브릴스 IPO] IBK투자증권, 주관·회수 '두 토끼' 노린다",,,https://www.topdaily.kr/articles/111059,44
2026-07-21 13:58,금융당국,pubpolicy,‘디지털 에셋 코리아 서밋’ 25일 개최…규제 격변기 투자 전략 모색,,,https://www.sentv.co.kr/article/view/sentv202607210094,45
2026-07-21 13:47,한국투자증권,nonholding,"한국투자증권, MTS 자녀계좌 통합메뉴 신설 이벤트",,연합뉴스TV,https://n.news.naver.com/mnews/article/422/0000887260?sid=101,45
2026-07-21 13:14,금융당국,pubpolicy,"포블, 에코빗과 디지털자산 컴플라이언스·기술 협력 업무협약 체결",,,https://www.tokenpost.kr/news/blockchain/379762,45
2026-07-21 13:10,토스,internet,"넥서스에이아이랩스, 토스 미니앱 성과 바탕 해외 플랫폼 제휴 추진",,,http://www.sisunnews.co.kr/news/articleView.html?idxno=242798,44
2026-07-21 12:58,금융당국,pubpolicy,"한은 CBDC 1단계 시범, 독립 보안검증 없이 은행 자체 점검","한은 CBDC 1단계 시범, 은행 자체 점검 / 은행 자체 점검으로 독립 보안검증 없이 진행 / 참여 은행은 IT 취약점 자체 평가만 진행, 금융보안원과 SK쉴더스, 우리은행, 농협은행 자체 점검팀이 함께 검토 / 한국은행은 시범 결과 보고서에서 예금 토큰 보안성 우려에 대해 사전 점검이 충분했다고 설명",,https://www.tokenpost.kr/news/breaking/379766,45
2026-07-21 12:26,키움증권,nonholding,"키움증권, 자동매매 진입 장벽 낮추는 신규 개발도구 공개","키움증권, 자동매매 진입 장벽 낮추는 신규 개발도구 공개 / CLI 방식으로 명령어 입력으로 키움증권 REST API의 검색과 인증, 실행 작업 처리 가능 / REST API는 투자자가 직접 세운 매매 전략을 자동으로 실행하는 시스템 구축을 돕는 서비스 / 국내주식용 샘플코드 207개 포함, 기능별 예제로 진입 장벽 낮추는 역할",,https://www.tokenpost.kr/news/tech/379759,44
2026-07-21 12:06,토스,internet,"“앱 설치 없이 바로 쓴다”… 넥서스AI랩스, 토스 성과 안고 글로벌 공...","넥서스AI랩스, 핀테크·슈퍼앱 탑재 방식 해외 진출 / 별도 앱 설치나 가입 절차 없이 이용자 접근성을 높인 모델 글로벌 시장 적용 / 토스 앱 내 AI 미니앱 운영 경험을 바탕으로 국가별 맞춤형 콘텐츠 적용 준비 중 / 주식회사 전환 후 비상장주식 거래 플랫폼 등록 및 중장기 상장 추진 중",동아일보,https://n.news.naver.com/mnews/article/020/0003735368?sid=101,45
2026-07-21 12:02,금융당국,pubpolicy,"보험사 디지털 전환, 공공 마이데이터로 '가속'","생명보험협회, 손해보험협회, 한국신용정보원 / 공공 마이데이터를 이용해 가족관계증명서 제출 절차 자동화 / 가족관계증명서 35종 서류 전면 자동화, 보험업권 디지털 전환 지원 / 주요 보험사부터 순차적으로 도입, 연간 약 300만건 행정부담 간소화",전자신문,https://n.news.naver.com/mnews/article/030/0003449406?sid=101,45
2026-07-21 11:56,토스,internet,"넥서스에이아이랩스, 토스 미니앱 출시 초기 9위… 글로벌 플랫폼 진출...","넥서스에이아이랩스, AI 미니앱 출시 초기 9위 / 토스 앱 안에서 외부 서비스를 바로 실행할 수 있는 미니앱 플랫폼인 앱인토스에서 운영 중 / 독립 앱 설치 없이 토스 안에서 바로 AI를 이용할 수 있는 접근성 높여 초기 이용자 유입에 성공 / 글로벌 플랫폼 진출을 위한 해외 플랫폼과의 제휴 추진 중",디지털타임스,https://n.news.naver.com/mnews/article/029/0003038005?sid=105,45
2026-07-21 11:50,금융당국,pubpolicy,[AI픽] 네카오·통신사·스타트업 한자리에…'모두의 AI' 본격 시동(종합...,,연합뉴스,https://n.news.naver.com/mnews/article/001/0016205714?sid=105,45
2026-07-21 11:36,신한은행,shinhan,"신한은행, ‘AX 서밋 2026’ 개최…AI 에이전트 점검",,,https://www.sentv.co.kr/article/view/sentv202607210074,44
2026-07-21 11:36,케이뱅크,internet,"케이뱅크, 블록체인 타고 아시아 송금 시장 본격 진출",,,https://www.tokenpost.kr/news/blockchain/379748,44
2026-07-21 11:27,교보생명,nonholding,"교보생명, 통합 앱에 '건강검진 예약서비스' 출시",,머니투데이,https://n.news.naver.com/mnews/article/008/0005388551?sid=101,45
2026-07-21 10:58,NH농협은행,nh,"NH농협은행, 숨은 금융자산 한 번에 찾는다","NH농협은행, 숨은 금융자산 통합 조회 환급 서비스 / 휴면예금 외화예금과 신탁계좌 미수령 퇴직연금 적립금 조회 가능 / NH올원뱅크와 NH스마트뱅킹 인터넷뱅킹에서 이용 가능 / 마이데이터 연동을 통해 타 금융회사 자산 확인 지원 중",,https://www.discoverynews.kr/news/articleView.html?idxno=1096551,43
2026-07-21 10:54,현대카드,nonholding,"현대카드, 웨인 티보 국내 첫 대규모 회고전 개최",,,https://www.newspim.com/news/view/20260721000407,43
2026-07-21 10:52,신한투자증권,shinhan,"신한투자증권, 유언대용신탁 간편형 출시…가족 1인 지정해 상속 준비",,,https://www.newspim.com/news/view/20260721000398,43
2026-07-21 10:52,카카오뱅크,internet,"카카오뱅크, UAE 고위급 인재에 디지털금융 혁신 사례 소개","카카오뱅크, UAE 고위급 인재에 디지털금융 혁신 사례 소개 / 고객 중심 UI·UX 등 디지털뱅킹 혁신 사례 / 모바일 금융 서비스 운영 방식과 애자일 조직문화 / 글로벌 시장에서 카카오뱅크 브랜드 영향력 확대 중",,https://www.ajunews.com/view/20260721104924062,43
2026-07-21 10:50,하나금융,hana,"‘1조 투자’ 하나금융, 두나무와 디지털금융 동맹 본격화",,,https://sateconomy.co.kr/news/view/1065574226579781,45
2026-07-21 10:46,신한은행,shinhan,신한은행 ‘땡겨요’ 만든 팀장 수사…쿠팡 자료도 ‘땡겨요?’,,,https://wemakenews.co.kr/news/view.php?no=25849,43
2026-07-21 10:46,하나은행,hana,"하나은행, 현대차그룹과 '친환경 적금' 출시···최고 연 4.5% 제공",,,https://www.ziksir.com/news/articleView.html?idxno=140638,45
2026-07-21 10:42,하나금융,hana,"""디지털 금융 미래 논의""…하나금융·두나무, 비공개 간담회",,파이낸셜뉴스,https://n.news.naver.com/mnews/article/014/0005550604?sid=101,43
2026-07-21 10:36,케이뱅크,internet,"UAE·태국 이어 홍콩까지…케이뱅크, 블록체인 해외송금망 넓힌다","케이뱅크, 블록체인 해외송금망 확대(w/비피엠지, 해시키그룹) / 한·홍콩 송금 기술검증 추진 중개은행 줄여 송금 시간·수수료 낮추는 사업 / 디지털자산 기반 해외송금·결제 인프라 구축 및 디지털자산 수탁 기술 협력 진행 중 / 광역 아시아 송금 네트워크로의 서비스 확장 가능성 검토 및 규제 준수 기준 마련 중",헤럴드경제,https://n.news.naver.com/mnews/article/016/0002672702?sid=101,43
2026-07-21 10:26,한국투자증권,nonholding,"한국투자증권, 미성년 자녀계좌 통합 메뉴 오픈",,,https://www.smarttoday.co.kr/ko-kr/articles/109642,43
2026-07-21 10:26,대신증권,nonholding,"대신증권, 자동차 투자전략 세미나…하반기 투자 포인트 공개",,,https://www.newspim.com/news/view/20260721000249,43
2026-07-21 10:24,카카오뱅크,internet,"UAE 고위급 인재단, 카카오뱅크 방문… K-디지털 금융 노하우 청취",,,https://www.viva100.com/article/20260721500420,44
2026-07-21 10:21,키움증권,nonholding,"키움증권, 자동매매 프로그램 개발 돕는 코딩도구 공개","키움증권, 자동매매 프로그램 개발 지원 도구 공개 / CLI 기반 코딩 개발도구와 샘플코드 제공 중 / 키움증권 REST API와 깃허브 연동 지원 중 / AI 기반 트레이딩 서비스 개발 환경 확대 중",연합뉴스,https://n.news.naver.com/mnews/article/001/0016205200?sid=101,43
2026-07-21 10:21,금융당국,pubpolicy,美상장에 토큰화 늘어난 SK하이닉스....주식토큰 시총 900억원 돌파 [매...,,매일경제,https://n.news.naver.com/mnews/article/009/0005709957?sid=101,45
2026-07-21 10:12,케이뱅크,internet,"비피엠지, 케이뱅크·해시키 그룹과 글로벌 스테이블코인 금융 인프라 ...","비피엠지, 케이뱅크·해시키 그룹과 글로벌 스테이블코인 금융 인프라 협력 / 스테이블코인 기반 송금·결제 서비스 기술과 한국·홍콩 간 해외송금 모델 공동 검토 중 / 기관 간 송금·결제·정산 체계 마련과 디지털자산 기반 사업 모델 발굴 추진 중 / 글로벌 금융 인프라 사업 협력 확대와 국경 간 디지털자산 협력 체계 구체화 진행 중",,https://www.tokenpost.kr/news/blockchain/379703,43
2026-07-21 10:08,케이뱅크,internet,"케이뱅크, 홍콩 해시키그룹·비피엠지와 ‘블록체인 기반 해외송금’ 방...",,,https://www.viva100.com/article/20260721500350,44
2026-07-21 10:02,신한투자증권,shinhan,"신한투자증권, 간편한 상속 돕는 '행복이음신탁 라이트' 출시",,머니투데이,https://n.news.naver.com/mnews/article/008/0005388442?sid=101,44
2026-07-21 09:52,토스증권,internet,"토스증권, 국내 기업 어닝콜 3개월 만에 60만명 이용","토스증권, 국내 기업 어닝콜 서비스 이용자 60만명 돌파 / 국내 기업 어닝콜 서비스는 실시간 한국어 음성 텍스트 변환 및 요약 기술 적용 / 어닝콜 전후에 인기 어닝콜 순위, 주목할 포인트, 사후 데이터 제공 / 투자자 편의성을 최우선에 두고 자체 기술력으로 어닝콜 서비스 고도화 중",전자신문,https://n.news.naver.com/mnews/article/030/0003449314?sid=101,43
2026-07-21 09:48,키움증권,nonholding,"키움증권, 개발자용 주식 API 도구 무료 배포","키움증권, 개발자용 주식 API 도구 무료 배포 / 라이브데이터와 협력해 REST API 기반 CLI와 샘플코드 제공 / kwcli setup 명령어로 인증과 기본 환경 구성 완료 / pip 설치 지원과 깃허브 저장소에서 내려받을 수 있는 개발 도구 제공 예정",,https://www.sentv.co.kr/article/view/sentv202607210030,43
2026-07-21 09:48,교보생명,nonholding,"교보생명, '건강검진 예약 서비스' 선봬",,전자신문,https://n.news.naver.com/mnews/article/030/0003449309?sid=101,43
2026-07-21 09:44,한화생명,nonholding,"한화생명, 치매 환자·가족 위한 '맞춤형 예방 솔루션' 모은다","한화생명, 맞춤형 치매 예방 솔루션 발굴(w/서울광역치매센터, 함께만드는세상) / 경도인지장애·초로기 치매 환자 돌봄을 돕는 혁신적인 아이디어 공모(w/사회연대은행) / 디지털·AI, 일·사회경험, 커뮤니티, 프로그램 등 5개 부문 공모 진행 중 / 서울시 치매관리 정책 총괄하는 서울광역치매센터가 심사 단계부터 참여 중",전자신문,https://n.news.naver.com/mnews/article/030/0003449306?sid=101,43
2026-07-21 09:43,모건스탠리,overseas,"오를 때도 계속 사라더니…모건스탠리 “반도체, 가격 싸졌으니 지금 사...",,매일경제,https://n.news.naver.com/mnews/article/009/0005709932?sid=101,43
2026-07-21 09:42,하나금융,hana,"하나금융·두나무, 계좌 제휴 넘어 ‘디지털 금융 동맹’ 구축","하나금융그룹, 디지털 금융 동맹 구축(w/두나무) / 원화 기반 스테이블코인과 토큰증권(STO) 사업 협력 중 / 통합 자산관리 플랫폼 구축과 글로벌 결제 네트워크 연계 추진 중 / 블록체인 기반 해외송금·결제망 구축과 무역대금 결제 확대 적용 검토 중",,https://www.viva100.com/article/20260721500254,43
2026-07-21 09:41,금융당국,pubpolicy,댓글·굿즈 구매가 디지털 스티커로…베리즈 '마이캐비닛' MZ 꾸미기 문...,,전자신문,https://n.news.naver.com/mnews/article/030/0003449303?sid=105,45
2026-07-21 09:36,한국투자증권,nonholding,"한국투자증권, 여름방학 '주식·경제교실' 연다…초·중·고 맞춤 금융교...",,,https://www.newspim.com/news/view/20260721000258,43
2026-07-21 09:36,금융당국,pubpolicy,"'90허우의 반란' 키미 K3로 AI지형 뒤흔든 양즈린, 34세 창업자 몸값 20조...",,,https://www.newspim.com/news/view/20260721000280,45
2026-07-21 09:20,케이뱅크,internet,"케이뱅크, 아시아 디지털자산 리딩기업과 글로벌 스테이블코인 사업 협...",,매일경제,https://n.news.naver.com/mnews/article/009/0005709912?sid=101,44
2026-07-21 09:00,하나은행,hana,"하나은행, 현대차 V2X 서비스 연계 적금 출시… 5000명 한정 혜택",,,https://www.pointe.co.kr/news/articleView.html?idxno=82013,44
2026-07-21 09:00,금융당국,pubpolicy,"청구스, ‘2026 부산 블록체인 기업 사업화 지원사업’ 선정",,아시아경제,https://n.news.naver.com/mnews/article/277/0005792226?sid=101,45
2026-07-21 08:59,키움증권,nonholding,"키움증권, REST API 기반 CLI 공개…개발환경 개선","키움증권, REST API 기반 CLI 공개(w/라이브데이터) / 개발자가 명령어로 키움증권 REST API를 검색하고 인증하는 개발 도구 / CLI는 PyPI에 등록되어 'pip install kwcli' 명령어로 설치할 수 있는 개발 환경 / GitHub 저장소를 통해 CLI와 샘플코드를 내려받아 사용할 수 있는 개발 지원",아시아경제,https://n.news.naver.com/mnews/article/277/0005792225?sid=101,43
2026-07-21 08:36,하나은행,hana,"하나은행, 올 1~6월 제1금융권 금융소비자 관심도 1위...우리·KB국민은...",,,http://www.thebigdata.co.kr/view.php?ud=202607152054119699a3c244e1c9_23,42
2026-07-21 08:31,네이버페이,internet,"중견련, 법정단체 12주년 기념 네이버페이 쏜다","한국중견기업연합회, 법정단체 출범 12주년 기념 이벤트 / '대한민국 대도약' 선도 역량·의지 인식 확산을 위한 온라인 이벤트 / 중견기업 응원 메시지와 인증 사진을 댓글로 남긴 12명에게 네이버페이 5만원권 증정 예정 / 중견기업법 개정 작업을 산업통상부 중심으로 준비 중",파이낸셜뉴스,https://n.news.naver.com/mnews/article/014/0005550485?sid=101,42
2026-07-21 08:01,금융당국,pubpolicy,“쇼핑몰 한 곳에서만 매출 4억 올렸죠” 온라인판로 종합지원 사업이 ...,,헤럴드경제,https://n.news.naver.com/mnews/article/016/0002672565?sid=101,45
2026-07-21 07:16,하나금융,hana,3대 코인 올랐지만 업비트 거래는 ‘한겨울’…두나무는 하나금융과 ‘...,,,http://coinreaders.com/248600,41
2026-07-21 07:03,토스,internet,토스도 '금융그룹' 시대…개별 감독 넘어 그룹 관리 체계로,,데일리안,https://n.news.naver.com/mnews/article/119/0003113113?sid=101,41
2026-07-21 06:01,모건스탠리,overseas,스테이블코인 품은 비자…모건스탠리·DTCC도 온체인 금융 [크립토브리...,,파이낸셜뉴스,https://n.news.naver.com/mnews/article/014/0005550454?sid=105,41
2026-07-21 05:53,하나금융,hana,'미래금융 새판짜기' 의기투합한 하나금융·두나무,,연합뉴스,https://n.news.naver.com/mnews/article/001/0016204726?sid=101,42
2026-07-21 05:11,씨티은행,overseas,"씨티은행, 글로벌 수탁기관 2년 연속 선정",,서울신문,https://n.news.naver.com/mnews/article/081/0003662817?sid=101,41
2026-07-21 05:05,하나금융그룹,hana,"하나금융그룹, 생산적 금융 전담조직·상품 신설… ‘하나형 원팀’ 체...",,서울신문,https://n.news.naver.com/mnews/article/081/0003662788?sid=101,41
2026-07-21 05:05,신한금융,shinhan,"신한금융, 생산적·포용금융 110조 장전… 미래산업 집중 지원","신한금융그룹, 생산적 금융 확대 프로젝트 추진 중 / 2030년까지 110조원 생산적·포용적 금융 공급 예정 / 우선 국민성장펀드에 10조원 출자, K붐업 산업 지원 중 / 산업 전반 자금 순환 활성화, 국가 전략 인프라 금융 지원 중",서울신문,https://n.news.naver.com/mnews/article/081/0003662784?sid=101,41
2026-07-21 05:05,KB금융,kb,AI·바이오 등 자금 확대하는 KB금융… 2030년까지 93조 공급,"KB금융그룹, AI와 바이오 등 자금 확대 / 생산적 금융을 핵심 성장 전략으로 내세우며 2030년까지 93조원 공급 예정 / 투자금융과 기업대출을 통해 첨단산업과 국가 전략사업에 자본을 우선 배분하는 금융 활동 추진 중 / KB금융은 생산적 금융을 통해 사회적 생산성과 미래 성장성을 높이는 금융 활동을 강화하는 중",서울신문,https://n.news.naver.com/mnews/article/081/0003662782?sid=101,41
2026-07-21 05:05,미래에셋생명,nonholding,"미래에셋생명, 반도체 변액펀드 라인업 확장","미래에셋생명, 반도체 변액펀드 라인업 확장 / 인공지능 기술 확산에 따른 반도체 산업 성장 기대감에 대응하는 펀드 편입 / 고객의 투자 선택 폭을 넓히기 위한 반도체 테마 변액펀드 3종 새롭게 편입 / 주요 반도체 시장에 투자할 수 있는 기회 확대와 분산투자 효과 기대 중",서울신문,https://n.news.naver.com/mnews/article/081/0003662786?sid=101,41
2026-07-21 04:34,KB자산운용,kb,"[하반기 ETF 설계도] KB자산운용, 반도체 넘어 'AI 생태계'로 영토 확장",,,https://www.news2day.co.kr/article/20260719500015,42
